1,1292052,1994,肖申克的救赎,弗兰克·德拉邦特,"['蒂姆·罗宾斯', '摩根·弗里曼', '鲍勃·冈顿', '威廉姆·赛德勒']","['剧情', '犯罪']",美国,142,9.7,2860417
2,1291546,1993,霸王别姬,陈凯歌,"['张国荣', '张丰毅', '巩俐', '葛优']","['剧情', '爱情', '同性']",中国大陆 / 中国香港,171,9.6,2114992
3,1292720,1994,阿甘正传,罗伯特·泽米吉斯,"['汤姆·汉克斯', '罗宾·怀特', '加里·西尼斯', '麦凯尔泰·威廉逊']","['剧情', '爱情']",美国,142,9.5,2135204
4,1292722,1997,泰坦尼克号,詹姆斯·卡梅隆,"['莱昂纳多·迪卡普里奥', '凯特·温丝莱特', '比利·赞恩', '凯西·贝茨']","['剧情', '爱情', '灾难']",美国 / 墨西哥,194,9.5,2161435
5,1295644,1994,这个杀手不太冷,吕克·贝松,"['让·雷诺', '娜塔莉·波特曼', '加里·奥德曼', '丹尼·爱罗']","['剧情', '动作', '犯罪']",法国 / 美国,110(剧场版),9.4,2272285
6,1291561,2001,千与千寻,宫崎骏,"['柊瑠美', '入野自由', '夏木真理', '菅原文太']","['剧情', '动画', '奇幻']",日本,125,9.4,2216317
7,1292063,1997,美丽人生,罗伯托·贝尼尼,"['罗伯托·贝尼尼', '尼可莱塔·布拉斯基', '乔治·坎塔里尼', '朱斯蒂诺·杜拉诺']","['剧情', '喜剧', '爱情', '战争']",意大利,116(国际版),9.6,1311796
8,1295124,1993,辛德勒的名单,史蒂文·斯皮尔伯格,"['连姆·尼森', '本·金斯利', '拉尔夫·费因斯', '卡罗琳·古多尔']","['剧情', '历史', '战争']",美国,195,9.6,1093151
9,1889243,2014,星际穿越,克里斯托弗·诺兰,"['马修·麦康纳', '安妮·海瑟薇', '杰西卡·查斯坦', '麦肯吉·弗依']","['剧情', '科幻', '冒险']",美国 / 英国 / 加拿大,169,9.4,1805982
10,3541415,2010,盗梦空间,克里斯托弗·诺兰,"['莱昂纳多·迪卡普里奥', '约瑟夫·高登-莱维特', '艾利奥特·佩吉', '汤姆·哈迪']","['剧情', '科幻', '悬疑', '冒险']",美国 / 英国,148,9.4,2037023
11,1292064,1998,楚门的世界,彼得·威尔,"['金·凯瑞', '劳拉·琳妮', '艾德·哈里斯', '诺亚·艾默里奇']","['剧情', '科幻']",美国,103,9.4,1678412
12,3011091,2009,忠犬八公的故事,拉斯·霍尔斯道姆,"['理查·基尔', '莎拉·罗默尔', '琼·艾伦', '罗比·萨布莱特']",['剧情'],美国 / 英国,93,9.4,1385737
13,1292001,1998,海上钢琴师,朱塞佩·托纳多雷,"['蒂姆·罗斯', '普路特·泰勒·文斯', '比尔·努恩', '克兰伦斯·威廉姆斯三世']","['剧情', '音乐']",意大利,165,9.3,1659450
14,3793023,2009,三傻大闹宝莱坞,拉吉库马尔·希拉尼,"['阿米尔·汗', '卡琳娜·卡普尔', '马达范', '沙尔曼·乔希']","['剧情', '喜剧', '爱情', '歌舞']",印度,171(印度),9.2,1839315
15,1291549,2004,放牛班的春天,克里斯托夫·巴哈蒂,"['让-巴蒂斯特·莫尼耶', '热拉尔·朱尼奥', '弗朗索瓦·贝莱昂', '凯德·麦拉德']","['剧情', '音乐']",法国 / 瑞士 / 德国,97,9.3,1295806
16,2131459,2008,机器人总动员,安德鲁·斯坦顿,"['本·贝尔特', '艾丽莎·奈特', '杰夫·格尔林', '佛莱德·威拉特']","['科幻', '动画', '冒险']",美国,98,9.3,1301309
17,1307914,2002,无间道,刘伟强,"['刘德华', '梁朝伟', '黄秋生', '曾志伟']","['剧情', '惊悚', '犯罪']",中国香港,101,9.3,1345041
18,25662329,2016,疯狂动物城,拜伦·霍华德,"['金妮弗·古德温', '杰森·贝特曼', '伊德里斯·艾尔巴', '珍妮·斯蕾特']","['喜剧', '动画', '冒险']",美国,109(中国大陆),9.2,1905302
19,1296141,1957,控方证人,比利·怀尔德,"['泰隆·鲍华', '玛琳·黛德丽', '查尔斯·劳顿', '埃尔莎·兰彻斯特']","['剧情', '悬疑', '犯罪']",美国,116,9.6,543688
20,1292213,1995,大话西游之大圣娶亲,刘镇伟,"['周星驰', '吴孟达', '朱茵', '蔡少芬']","['喜剧', '爱情', '奇幻', '古装']",中国香港 / 中国大陆,95,9.2,1516610
21,5912992,2011,熔炉,黄东赫,"['孔刘', '郑有美', '金贤秀', '郑仁絮']",['剧情'],韩国,125,9.4,921586
22,1291841,1972,教父,弗朗西斯·福特·科波拉,"['马龙·白兰度', '阿尔·帕西诺', '詹姆斯·肯恩', '理查德·卡斯特尔诺']","['剧情', '犯罪']",美国,175 ,9.3,953982
23,6786002,2011,触不可及,奥利维埃·纳卡什,"['弗朗索瓦·克鲁塞', '奥玛·希', '安娜·勒尼', '奥德雷·弗勒罗']","['剧情', '喜剧']",法国,112,9.3,1097652
24,1849031,2006,当幸福来敲门,加布里埃莱·穆奇诺,"['威尔·史密斯', '贾登·史密斯', '坦迪·牛顿', '布莱恩·豪威 ']","['剧情', '家庭', '传记']",美国,117,9.2,1502620
25,3319755,2010,怦然心动,罗伯·莱纳,"['玛德琳·卡罗尔', '卡兰·麦克奥利菲', '瑞贝卡·德·莫妮', '安东尼·爱德华兹']","['剧情', '喜剧', '爱情']",美国,90,9.1,1811646
26,1291560,1988,龙猫,宫崎骏,"['日高法子', '坂本千夏', '糸井重里', '岛本须美']","['动画', '奇幻', '冒险']",日本,86,9.2,1250985
27,1293172,1987,末代皇帝,贝纳尔多·贝托鲁奇,"['尊龙', '陈冲', '邬君梅', '彼得·奥图尔']","['剧情', '传记', '历史']",英国 / 意大利 / 中国大陆 / 法国,163,9.3,869086
28,20495023,2017,寻梦环游记,李·昂克里奇,"['安东尼·冈萨雷斯', '盖尔·加西亚·贝纳尔', '本杰明·布拉特', '阿兰娜·乌巴赫']","['喜剧', '动画', '音乐', '奇幻']",美国,105,9.1,1653443
29,1292365,1994,活着,张艺谋,"['葛优', '巩俐', '姜武', '牛犇']","['剧情', '家庭', '历史']",中国大陆 / 中国香港,132,9.3,832662
30,1851857,2008,蝙蝠侠：黑暗骑士,克里斯托弗·诺兰,"['克里斯蒂安·贝尔', '希斯·莱杰', '艾伦·艾克哈特', '迈克尔·凯恩']","['剧情', '动作', '科幻', '惊悚', '犯罪']",美国 / 英国,152,9.2,1042579
31,1295038,2001,哈利·波特与魔法石,克里斯·哥伦布,"['丹尼尔·雷德克里夫', '艾玛·沃森', '鲁伯特·格林特', '艾伦·瑞克曼']","['奇幻', '冒险']",美国 / 英国,152,9.2,1171296
32,1291552,2003,指环王3：王者无敌,彼得·杰克逊,"['伊利亚·伍德', '西恩·奥斯汀', '维果·莫腾森', '奥兰多·布鲁姆']","['剧情', '动作', '奇幻', '冒险']",美国 / 新西兰,201,9.3,792758
33,1300267,1939,乱世佳人,维克多·弗莱明,"['费雯·丽', '克拉克·盖博', '奥利维娅·德哈维兰', '托马斯·米切尔']","['剧情', '爱情', '历史', '战争']",美国,238,9.3,682413
34,26752088,2018,我不是药神,文牧野,"['徐峥', '王传君', '周一围', '谭卓']","['剧情', '喜剧']",中国大陆,117,9.0,2076014
35,21937452,2013,素媛,李濬益,"['薛景求', '严志媛', '李来', '金海淑']",['剧情'],韩国,122,9.3,678233
36,2129039,2009,飞屋环游记,彼特·道格特,"['爱德华·阿斯纳', '克里斯托弗·普卢默', '乔丹·长井', '鲍勃·彼德森']","['剧情', '喜剧', '动画', '冒险']",美国,96,9.1,1308044
37,1308807,2004,哈尔的移动城堡,宫崎骏,"['倍赏千惠子', '木村拓哉', '美轮明宏', '我修院达也']","['动画', '奇幻', '冒险']",日本,119,9.1,1009304
38,1293182,1957,十二怒汉,西德尼·吕美特,"['亨利·方达', '马丁·鲍尔萨姆', '约翰·菲德勒', '李·科布']",['剧情'],美国,96,9.4,482785
39,30170448,2018,何以为家,娜丁·拉巴基,"['赞恩·阿尔·拉菲亚', '约丹诺斯·希费罗', '博鲁瓦蒂夫·特雷杰·班科尔', '卡萨尔·艾尔·哈达德']",['剧情'],黎巴嫩 / 美国 / 法国 / 塞浦路斯 / 卡塔尔 / 英国,126,9.1,1032051
40,26387939,2016,摔跤吧！爸爸,涅提·蒂瓦里,"['阿米尔·汗', '法缇玛·萨那·纱卡', '桑亚·玛荷塔', '阿帕尔夏克提·库拉那']","['剧情', '家庭', '传记', '运动']",印度,161(印度),9.0,1552140
41,3742360,2010,让子弹飞,姜文,"['姜文', '葛优', '周润发', '刘嘉玲']","['剧情', '喜剧', '动作', '西部']",中国大陆 / 中国香港,132,9.0,1677907
42,1291858,2000,鬼子来了,姜文,"['姜文', '香川照之', '袁丁', '姜宏波']","['剧情', '喜剧']",中国大陆,139,9.3,618876
43,1305487,2002,猫鼠游戏,史蒂文·斯皮尔伯格,"['莱昂纳多·迪卡普里奥', '汤姆·汉克斯', '克里斯托弗·沃肯', '马丁·辛']","['剧情', '传记', '犯罪']",美国 / 加拿大,141 ,9.1,1007165
44,1929463,2012,少年派的奇幻漂流,李安,"['苏拉·沙玛', '伊尔凡·可汗', '拉菲·斯波', '阿迪勒·侯赛因']","['剧情', '奇幻', '冒险']",美国 / 中国台湾 / 英国 / 加拿大,127,9.1,1335259
45,25958717,2015,海蒂和爷爷,阿兰·葛斯彭纳,"['阿努克·斯特芬', '布鲁诺·冈茨', '昆林·艾格匹', '安娜·申茨']","['剧情', '家庭', '冒险']",德国 / 瑞士,111,9.3,597922
46,1296736,2002,钢琴家,罗曼·波兰斯基,"['艾德里安·布洛迪', '托马斯·克莱舒曼', '艾米莉娅·福克斯', '米哈乌·热布罗夫斯基']","['剧情', '音乐', '传记', '战争']",英国 / 法国 / 波兰 / 德国,149,9.3,627942
47,1299398,1995,大话西游之月光宝盒,刘镇伟,"['周星驰', '吴孟达', '罗家英', '蓝洁瑛']","['喜剧', '爱情', '奇幻', '古装']",中国香港 / 中国大陆,88,9.0,1207675
48,1291583,1986,天空之城,宫崎骏,"['田中真弓', '横泽启子', '初井言荣', '寺田农']","['动画', '奇幻', '冒险']",日本,125,9.2,811509
49,1291572,2002,指环王2：双塔奇兵,彼得·杰克逊,"['伊利亚·伍德', '西恩·奥斯汀', '多米尼克·莫纳汉', '奥兰多·布鲁姆']","['剧情', '动作', '奇幻', '冒险']",美国 / 新西兰,180,9.2,742804
50,1298624,1992,闻香识女人,马丁·布莱斯特,"['阿尔·帕西诺', '克里斯·奥唐纳', '詹姆斯·瑞布霍恩', '加布里埃尔·安瓦尔']",['剧情'],美国,157 ,9.1,871990
51,1293839,1953,罗马假日,威廉·惠勒,"['奥黛丽·赫本', '格利高里·派克', '埃迪·艾伯特', '哈特利·鲍尔']","['剧情', '喜剧', '爱情']",美国,118,9.1,939562
52,1291828,1988,天堂电影院,朱塞佩·托纳多雷,"['菲利普·努瓦雷', '萨瓦特利·卡西欧', '雅克·贝汉', '马克·莱昂纳蒂']","['剧情', '爱情']",意大利 / 法国,155,9.2,672880
53,1291548,1989,死亡诗社,彼得·威尔,"['罗宾·威廉姆斯', '罗伯特·肖恩·莱纳德', '伊桑·霍克', '乔西·查尔斯']",['剧情'],美国,128 ,9.2,713868
54,27060077,2018,绿皮书,彼得·法雷里,"['维果·莫腾森', '马赫沙拉·阿里', '琳达·卡德里尼', '塞巴斯蒂安·马尼斯科']","['剧情', '喜剧', '音乐', '传记']",美国 / 中国大陆,130,8.9,1625842
55,1418019,1961,大闹天宫,万籁鸣,"['邱岳峰', '富润生', '毕克', '尚华']","['剧情', '动画', '奇幻', '古装']",中国大陆,113,9.4,430664
56,1291571,2001,指环王1：护戒使者,彼得·杰克逊,"['伊利亚·伍德', '西恩·奥斯汀', '伊恩·麦克莱恩', '维果·莫腾森']","['剧情', '动作', '奇幻', '冒险']",新西兰 / 美国,179,9.1,835752
57,1291843,1999,黑客帝国,莉莉·沃卓斯基,"['基努·里维斯', '劳伦斯·菲什伯恩', '凯瑞-安·莫斯', '雨果·维文']","['动作', '科幻']",美国,136,9.1,827955
58,1299131,1974,教父2,弗朗西斯·福特·科波拉,"['阿尔·帕西诺', '罗伯特·杜瓦尔', '黛安·基顿', '罗伯特·德尼罗']","['剧情', '犯罪']",美国,202,9.3,544563
59,1301753,1994,狮子王,罗杰·阿勒斯,"['乔纳森·泰勒·托马斯', '马修·布罗德里克', '杰瑞米·艾恩斯', '詹姆斯·厄尔·琼斯']","['动画', '歌舞', '冒险']",美国,89 ,9.1,827803
60,21937445,2013,辩护人,杨宇硕,"['宋康昊', '金英爱', '吴达洙', '郭度沅']",['剧情'],韩国,127,9.2,583074
61,1291818,1994,饮食男女,李安,"['郎雄', '杨贵媚', '吴倩莲', '王渝文']","['剧情', '家庭']",中国台湾 / 美国,124,9.2,612841
62,1292000,1999,搏击俱乐部,大卫·芬奇,"['爱德华·诺顿', '布拉德·皮特', '海伦娜·伯翰·卡特', '扎克·格雷尼尔']","['剧情', '动作', '悬疑', '惊悚']",美国,139 ,9.0,836259
63,1306029,2001,美丽心灵,朗·霍华德,"['罗素·克劳', '艾德·哈里斯', '詹妮弗·康纳利', '克里斯托弗·普卢默']","['剧情', '传记']",美国,135,9.1,760412
64,1485260,2008,本杰明·巴顿奇事,大卫·芬奇,"['凯特·布兰切特', '布拉德·皮特', '朱莉娅·奥蒙德', '芳妮·A·钱勃丝']","['剧情', '爱情', '奇幻']",美国,166,9.0,970697
65,3008247,2008,穿条纹睡衣的男孩,马克·赫尔曼,"['阿萨·巴特菲尔德', '维拉·法米加', '卡拉·霍根', '祖萨·霍尔']","['剧情', '战争']",英国 / 美国,94,9.2,556054
66,1900841,2006,窃听风暴,弗洛里安·亨克尔·冯·多纳斯马尔克,"['乌尔里希·穆埃', '马蒂娜·格德克', '塞巴斯蒂安·科赫', '乌尔里希·图库尔']","['剧情', '悬疑']",德国,137,9.2,558077
67,1292220,1995,情书,岩井俊二,"['中山美穗', '丰川悦司', '酒井美纪', '柏原崇']","['剧情', '爱情']",日本,117,8.9,1097636
68,1293350,1998,两杆大烟枪,盖·里奇,"['杰森·弗莱明', '德克斯特·弗莱彻', '尼克·莫兰', '杰森·斯坦森']","['剧情', '喜剧', '犯罪']",英国,107,9.1,588790
69,1292402,2000,西西里的美丽传说,朱塞佩·托纳多雷,"['莫妮卡·贝鲁奇', '朱塞佩·苏尔法罗', 'Luciano Federico', '玛蒂尔德·皮亚纳']","['剧情', '情色', '战争']",意大利 / 美国,109 ,8.9,964224
70,1294408,1965,音乐之声,罗伯特·怀斯,"['朱莉·安德鲁斯', '克里斯托弗·普卢默', '埃琳诺·帕克', '理查德·海顿']","['剧情', '爱情', '歌舞', '传记']",美国,174,9.1,593993
71,26580232,2016,看不见的客人,奥里奥尔·保罗,"['马里奥·卡萨斯', '阿娜·瓦格纳', '何塞·科罗纳多', '巴巴拉·莱涅']","['剧情', '悬疑', '惊悚', '犯罪']",西班牙,106,8.8,1240754
72,1652587,2009,阿凡达,詹姆斯·卡梅隆,"['萨姆·沃辛顿', '佐伊·索尔达娜', '西格妮·韦弗', '史蒂芬·朗']","['动作', '科幻', '冒险']",美国,162,8.8,1405421
73,1292849,1998,拯救大兵瑞恩,史蒂文·斯皮尔伯格,"['汤姆·汉克斯', '汤姆·塞兹摩尔', '爱德华·伯恩斯', '巴里·佩珀']","['剧情', '战争']",美国,169,9.1,639084
74,1303021,1997,小鞋子,马基德·马基迪,"['默罕默德·阿米尔·纳吉', '法拉赫阿米尔·哈什米安', '巴哈丽·西迪奇', '纳菲丝·贾法-穆罕默迪']","['剧情', '家庭', '儿童']",伊朗,89,9.2,406180
75,1292224,1975,飞越疯人院,米洛斯·福尔曼,"['杰克·尼科尔森', '丹尼·德维托', '克里斯托弗·洛伊德', '路易丝·弗莱彻']",['剧情'],美国,133,9.1,540335
76,3011235,2011,哈利·波特与死亡圣器(下),大卫·叶茨,"['丹尼尔·雷德克里夫', '艾玛·沃森', '鲁伯特·格林特', '海伦娜·伯翰·卡特']","['奇幻', '冒险']",美国 / 英国,130,9.0,818673
77,1293544,1991,沉默的羔羊,乔纳森·戴米,"['朱迪·福斯特', '安东尼·霍普金斯', '斯科特·格伦', '安东尼·希尔德']","['剧情', '惊悚', '犯罪']",美国,118,8.9,876704
78,11525673,2014,布达佩斯大饭店,韦斯·安德森,"['拉尔夫·费因斯', '托尼·雷沃罗利', '艾德里安·布洛迪', '威廉·达福']","['剧情', '喜剧', '冒险']",美国 / 德国 / 英国,99,8.9,917237
79,2334904,2010,禁闭岛,马丁·斯科塞斯,"['莱昂纳多·迪卡普里奥', '马克·鲁弗洛', '本·金斯利', '马克斯·冯·叙多夫']","['剧情', '悬疑', '惊悚']",美国,138 ,8.9,961299
80,1292343,2004,蝴蝶效应,埃里克·布雷斯,"['阿什顿·库彻', '梅洛拉·沃尔特斯', '艾米·斯马特', '埃尔登·汉森']","['剧情', '科幻', '悬疑', '惊悚']",美国 / 加拿大,113,8.9,924787
81,1780330,2006,致命魔术,克里斯托弗·诺兰,"['休·杰克曼', '克里斯蒂安·贝尔', '迈克尔·凯恩', '丽贝卡·豪尔']","['剧情', '悬疑', '惊悚']",英国 / 美国,130,8.9,845566
82,1291543,2004,功夫,周星驰,"['周星驰', '元秋', '元华', '黄圣依']","['喜剧', '动作', '犯罪', '奇幻']",中国大陆 / 中国香港,100(3D重映),8.8,1110707
83,1292656,1997,心灵捕手,格斯·范·桑特,"['马特·达蒙', '罗宾·威廉姆斯', '本·阿弗莱克', '斯特兰·斯卡斯加德']",['剧情'],美国,126 ,8.9,702903
84,3442220,2009,海豚湾,路易·西霍尤斯,"[""Richard O'Barry"", '路易·西霍尤斯', 'Hardy Jones', 'Michael Illiff']",['纪录片'],美国,92,9.3,354272
85,1291544,2004,哈利·波特与阿兹卡班的囚徒,阿方索·卡隆,"['丹尼尔·雷德克里夫', '艾玛·沃森', '鲁伯特·格林特', '加里·奥德曼']","['奇幻', '冒险']",英国 / 美国,141 ,8.9,715109
86,1291832,1994,低俗小说,昆汀·塔伦蒂诺,"['约翰·特拉沃尔塔', '乌玛·瑟曼', '阿曼达·普拉莫', '蒂姆·罗斯']","['剧情', '喜剧', '犯罪']",美国,154,8.9,823702
87,1292679,1997,春光乍泄,王家卫,"['张国荣', '梁朝伟', '张震', '格利高里·戴顿']","['剧情', '爱情', '同性']",中国香港 / 日本 / 韩国,96,9.0,625102
88,1292262,1984,美国往事,赛尔乔·莱昂内,"['罗伯特·德尼罗', '詹姆斯·伍兹', '伊丽莎白·麦戈文', '乔·佩西']","['剧情', '犯罪']",美国 / 意大利,229(导演剪辑版),9.2,406794
89,1294371,1936,摩登时代,查理·卓别林,"['查理·卓别林', '宝莲·高黛', '亨利·伯格曼', '蒂尼·桑福德']","['剧情', '喜剧', '爱情']",美国,87,9.3,296576
90,5322596,2011,超脱,托尼·凯耶,"['艾德里安·布洛迪', '马西娅·盖伊·哈登', '詹姆斯·肯恩', '克里斯蒂娜·亨德里克斯']",['剧情'],美国,98,9.0,587848
91,1302425,1999,喜剧之王,周星驰,"['周星驰', '张柏芝', '莫文蔚', '吴孟达']","['剧情', '喜剧', '爱情']",中国香港,89,8.8,957539
92,1297192,2003,致命ID,詹姆斯·曼高德,"['约翰·库萨克', '雷·利奥塔', '阿曼达·皮特', '约翰·浩克斯']","['剧情', '悬疑', '惊悚']",美国,90,8.9,812221
93,1300299,2003,杀人回忆,奉俊昊,"['宋康昊', '金相庆', '金雷夏', '宋在浩']","['剧情', '动作', '悬疑', '惊悚', '犯罪']",韩国,132,8.9,702136
94,1292223,1995,七宗罪,大卫·芬奇,"['摩根·弗里曼', '布拉德·皮特', '凯文·史派西', '格温妮斯·帕特洛']","['剧情', '悬疑', '惊悚', '犯罪']",美国,127,8.8,932271
95,1865703,2006,红辣椒,今敏,"['林原惠美', '江守彻', '堀胜之祐', '古谷彻']","['科幻', '动画', '悬疑', '惊悚']",日本,90 ,9.1,455628
96,1298070,2003,加勒比海盗,戈尔·维宾斯基,"['约翰尼·德普', '杰弗里·拉什', '奥兰多·布鲁姆', '凯拉·奈特莉']","['动作', '奇幻', '冒险']",美国,143 ,8.8,846451
97,1296996,2002,哈利·波特与密室,克里斯·哥伦布,"['丹尼尔·雷德克里夫', '艾玛·沃森', '鲁伯特·格林特', '汤姆·费尔顿']","['奇幻', '冒险']",英国 / 美国,161,8.8,742606
98,6985810,2012,狩猎,托马斯·温特伯格,"['麦斯·米科尔森', '托玛斯·博·拉森', '安妮卡·韦德科普', '拉丝·弗格斯托姆']",['剧情'],丹麦 / 瑞典,115,9.1,384047
99,1292434,2000,一一,杨德昌,"['吴念真', '李凯莉', '金燕玲', '张洋洋']","['剧情', '爱情', '家庭']",中国台湾 / 日本,173,9.1,386174
100,10777687,2013,7号房的礼物,李焕庆,"['柳承龙', '朴信惠', '郑镇荣', '金正泰']","['剧情', '喜剧', '家庭']",韩国,127,8.9,550721
101,1787291,2006,被嫌弃的松子的一生,中岛哲也,"['中谷美纪', '永山瑛太', '香川照之', '市川实日子']","['剧情', '歌舞']",日本,130 ,8.9,696657
102,1306249,1993,唐伯虎点秋香,李力持,"['周星驰', '巩俐', '陈百祥', '郑佩佩']","['喜剧', '爱情', '古装']",中国香港,102 ,8.7,1064643
103,26799731,2017,请以你的名字呼唤我,卢卡·瓜达尼诺,"['艾米·汉莫', '提莫西·查拉梅', '迈克尔·斯图巴', '阿蜜拉·卡萨']","['剧情', '爱情', '同性']",意大利 / 法国 / 巴西 / 美国,132,8.9,712218
104,1418834,2005,断背山,李安,"['希斯·莱杰', '杰克·吉伦哈尔', '米歇尔·威廉姆斯', '安妮·海瑟薇']","['剧情', '爱情', '同性', '家庭']",美国 / 加拿大,134,8.8,700314
105,1292370,1990,剪刀手爱德华,蒂姆·波顿,"['约翰尼·德普', '薇诺娜·瑞德', '黛安·韦斯特', '安东尼·迈克尔·豪尔']","['剧情', '爱情', '奇幻']",美国,105,8.7,1024764
106,2149806,2008,入殓师,泷田洋二郎,"['本木雅弘', '广末凉子', '山崎努', '吉行和子']",['剧情'],日本,130,8.9,656993
107,1296339,1995,爱在黎明破晓前,理查德·林克莱特,"['伊桑·霍克', '朱莉·德尔佩', '安德莉亚·埃克特', '汉诺·波西尔']","['剧情', '爱情']",美国 / 奥地利 / 瑞士,101,8.8,672407
108,1294639,1995,勇敢的心,梅尔·吉布森,"['梅尔·吉布森', '苏菲·玛索', '布莱恩·考克斯', '詹姆斯·科兹莫']","['剧情', '动作', '传记', '历史', '战争']",美国,178,8.9,554517
109,1297630,1999,第六感,M·奈特·沙马兰,"['布鲁斯·威利斯', '海利·乔·奥斯蒙', '托妮·科莱特', '奥莉维亚·威廉姆斯']","['剧情', '悬疑', '惊悚']",美国,107,8.9,548910
110,1291999,1994,重庆森林,王家卫,"['林青霞', '金城武', '梁朝伟', '王菲']","['剧情', '爱情']",中国香港,102,8.8,800071
111,3395373,2012,蝙蝠侠：黑暗骑士崛起,克里斯托弗·诺兰,"['克里斯蒂安·贝尔', '汤姆·哈迪', '安妮·海瑟薇', '约瑟夫·高登-莱维特']","['剧情', '动作', '科幻', '惊悚', '犯罪']",美国 / 英国,165,8.8,709524
112,1297359,1997,幽灵公主,宫崎骏,"['松田洋治', '石田百合子', '田中裕子', '小林薰']","['动画', '奇幻', '冒险']",日本,134,8.9,517009
113,11026735,2014,超能陆战队,唐·霍尔,"['斯科特·安第斯', '瑞恩·波特', '丹尼尔·海尼', 'T·J·米勒']","['喜剧', '动作', '科幻', '动画', '冒险']",美国,102,8.7,998120
114,1291990,2004,爱在日落黄昏时,理查德·林克莱特,"['伊桑·霍克', '朱莉·德尔佩', '弗农·多布切夫', '路易丝·勒莫瓦纳·托雷斯']","['剧情', '爱情']",美国 / 法国,80 ,8.9,551715
115,1293359,1999,菊次郎的夏天,北野武,"['北野武', '关口雄介', '岸本加世子', '吉行和子']","['剧情', '喜剧']",日本,121,8.9,588032
116,1305164,1996,甜蜜蜜,陈可辛,"['黎明', '张曼玉', '杨恭如', '曾志伟']","['剧情', '爱情']",中国香港,118(中国大陆),8.9,543067
117,1292215,2001,天使爱美丽,让-皮埃尔·热内,"['奥黛丽·塔图', '马修·卡索维茨', '吕菲斯', '洛莱拉·克拉沃塔']","['剧情', '喜剧', '爱情']",法国 / 德国,122,8.7,948548
118,1291875,1994,阳光灿烂的日子,姜文,"['夏雨', '宁静', '陶虹', '耿乐']","['剧情', '爱情']",中国大陆 / 中国香港,134(中国大陆),8.9,607471
119,25814705,2014,小森林,森淳一,"['桥本爱', '三浦贵大', '松冈茉优', '温水洋一']",['剧情'],日本,111,9.0,420804
120,4202302,2010,借东西的小人阿莉埃蒂,米林宏昌,"['志田未来', '神木隆之介', '树木希林', '三浦友和']","['动画', '奇幻', '冒险']",日本,94,8.9,545652
121,1300992,1993,完美的世界,克林特·伊斯特伍德,"['凯文·科斯特纳', '劳拉·邓恩', '克林特·伊斯特伍德', 'T·J·劳瑟']","['剧情', '犯罪']",美国,138,9.1,310570
122,1292337,2004,无人知晓,是枝裕和,"['柳乐优弥', '北浦爱', '木村飞影', '清水萌萌子']",['剧情'],日本,141,9.1,314552
123,21318488,2014,消失的爱人,大卫·芬奇,"['本·阿弗莱克', '裴淳华', '尼尔·帕特里克·哈里斯', '凯莉·库恩']","['剧情', '悬疑', '惊悚', '犯罪']",美国,149,8.7,921473
124,1297447,1987,倩女幽魂,程小东,"['张国荣', '王祖贤', '午马', '刘兆铭']","['爱情', '奇幻', '武侠', '古装']",中国香港,98(香港),8.8,728429
125,27010768,2019,寄生虫,奉俊昊,"['宋康昊', '李善均', '曹汝贞', '崔宇植']",['剧情'],韩国,132,8.8,1352226
126,10577869,2013,时空恋旅人,理查德·柯蒂斯,"['多姆纳尔·格里森', '瑞秋·麦克亚当斯', '比尔·奈伊', '莉迪亚·威尔逊']","['喜剧', '爱情', '奇幻']",英国,123,8.8,657530
127,1297052,1995,侧耳倾听,近藤喜文,"['本名阳子', '小林桂树', '高山南', '高桥一生']","['剧情', '爱情', '动画']",日本,111,8.9,456384
128,25814707,2015,小森林,森淳一,"['桥本爱', '三浦贵大', '松冈茉优', '温水洋一']",['剧情'],日本,120,9.0,375615
129,1292274,2004,幸福终点站,史蒂文·斯皮尔伯格,"['汤姆·汉克斯', '凯瑟琳·泽塔-琼斯', '斯坦利·图齐', '齐·麦克布赖德']","['剧情', '喜剧', '爱情']",美国,128,8.8,561983
130,2353023,2010,驯龙高手,迪恩·德布洛斯,"['杰伊·巴鲁切尔', '杰拉德·巴特勒', '克雷格·费格森', '亚美莉卡·费雷拉']","['动画', '奇幻', '冒险']",美国,98,8.8,746754
131,1294240,1990,教父3,弗朗西斯·福特·科波拉,"['阿尔·帕西诺', '黛安·基顿', '塔莉娅·夏尔', '安迪·加西亚']","['剧情', '犯罪']",美国,162,9.0,368624
132,26628357,2015,一个叫欧维的男人决定去死,汉内斯·赫尔姆,"['罗夫·拉斯加德', '巴哈·帕斯', '托比亚斯·阿姆博瑞', '菲利普·伯格']",['剧情'],瑞典,116,8.9,472036
133,1395091,1997,未麻的部屋,今敏,"['岩男润子', '松本梨香', '辻亲八', '大仓正章']","['动画', '惊悚', '奇幻']",日本,81 ,9.1,326321
134,5989818,2011,萤火之森,大森贵弘,"['佐仓绫音', '内山昂辉', '辻亲八', '山本兼平']","['剧情', '爱情', '动画', '奇幻']",日本,45,8.9,530890
135,1291579,2001,怪兽电力公司,彼特·道格特,"['约翰·古德曼', '比利·克里斯托', '玛丽·吉布斯', '史蒂夫·布西密']","['喜剧', '动画', '儿童', '奇幻', '冒险']",美国,92,8.8,660068
136,1309055,2005,哈利·波特与火焰杯,迈克·内威尔,"['丹尼尔·雷德克里夫', '艾玛·沃森', '鲁伯特·格林特', '迈克尔·刚本']","['悬疑', '奇幻', '冒险']",英国 / 美国,157 ,8.8,647620
137,1858711,2010,玩具总动员3,李·昂克里奇,"['汤姆·汉克斯', '蒂姆·艾伦', '琼·库萨克', '尼德·巴蒂']","['喜剧', '动画', '奇幻', '冒险']",美国,103,8.9,507451
138,1418200,2005,傲慢与偏见,乔·赖特,"['凯拉·奈特莉', '马修·麦克费登', '唐纳德·萨瑟兰', '布兰达·布莱斯']","['剧情', '爱情']",法国 / 英国 / 美国,129 ,8.7,788064
139,10437779,2013,新世界,朴勋政,"['李政宰', '崔岷植', '黄政民', '宋智孝']","['剧情', '犯罪']",韩国,134,8.9,425624
140,25986180,2016,釜山行,延尚昊,"['孔刘', '郑有美', '马东锡', '金秀安']","['动作', '惊悚', '灾难']",韩国,118,8.6,1183860
141,3287562,2010,神偷奶爸,皮埃尔·柯芬,"['史蒂夫·卡瑞尔', '杰森·席格尔', '拉塞尔·布兰德', '朱莉·安德鲁斯']","['喜剧', '动画', '冒险']",美国 / 法国,95,8.7,936883
142,6307447,2012,被解救的姜戈,昆汀·塔伦蒂诺,"['杰米·福克斯', '莱昂纳多·迪卡普里奥', '克里斯托弗·瓦尔兹', '塞缪尔·杰克逊']","['剧情', '动作', '西部', '冒险']",美国,163(中国大陆),8.8,601103
143,3072124,2009,玛丽和马克思,亚当·艾略特,"['托妮·科莱特', '菲利普·塞默·霍夫曼', '巴瑞·哈姆弗莱斯', '艾瑞克·巴纳']","['剧情', '喜剧', '动画']",澳大利亚 / 美国,92,9.0,418615
144,4268598,2010,告白,中岛哲也,"['松隆子', '冈田将生', '木村佳乃', '西井幸人']","['剧情', '悬疑']",日本,106,8.8,665262
145,1291545,2003,大鱼,蒂姆·波顿,"['伊万·麦克格雷格', '阿尔伯特·芬尼', '比利·克鲁德普', '杰西卡·兰格']","['剧情', '家庭', '奇幻', '冒险']",美国,125 ,8.8,562761
146,1307315,1979,哪吒闹海,王树忱,"['梁正晖', '邱岳峰', '毕克', '富润生']","['动画', '奇幻', '冒险']",中国大陆,65,9.2,255512
147,1316510,1993,射雕英雄传之东成西就,刘镇伟,"['梁朝伟', '林青霞', '张国荣', '叶玉卿']","['喜剧', '奇幻', '武侠', '古装']",中国香港,113(香港),8.7,629145
148,1303037,1993,喜宴,李安,"['赵文瑄', '归亚蕾', '郎雄', '金素梅']","['剧情', '喜剧', '爱情', '同性', '家庭']",中国台湾 / 美国,108,9.0,356692
149,4920389,2018,头号玩家,史蒂文·斯皮尔伯格,"['泰伊·谢里丹', '奥利维亚·库克', '本·门德尔森', '马克·里朗斯']","['动作', '科幻', '冒险']",美国,140,8.7,1351903
150,10463953,2014,模仿游戏,莫滕·泰杜姆,"['本尼迪克特·康伯巴奇', '凯拉·奈特莉', '马修·古迪', '罗里·金尼尔']","['剧情', '同性', '传记', '战争']",英国 / 美国,114,8.8,638308
151,4917726,2011,阳光姐妹淘,姜炯哲,"['沈恩敬', '闵孝琳', '姜素拉', '南宝拉']","['剧情', '喜剧']",韩国,124,8.8,585651
152,1306861,2001,我是山姆,杰茜·尼尔森,"['西恩·潘', '达科塔·范宁', '米歇尔·菲佛', '黛安·韦斯特']","['剧情', '家庭']",美国,132 ,9.0,333718
153,1461403,1982,茶馆,谢添,"['于是之', '郑榕', '蓝天野', '英若诚']","['剧情', '历史']",中国大陆,118,9.6,139978
154,1297518,1994,九品芝麻官,王晶,"['周星驰', '吴孟达', '张敏', '徐锦江']","['剧情', '喜剧', '古装']",中国香港 / 中国大陆,108,8.7,666417
155,1291557,2000,花样年华,王家卫,"['梁朝伟', '张曼玉', '潘迪华', '萧炳林']","['剧情', '爱情']",中国香港,98,8.7,598398
156,21360417,2013,恐怖直播,金秉祐,"['河正宇', '李璟荣', '全慧珍', '李大卫']","['剧情', '悬疑', '犯罪']",韩国,97,8.7,644038
157,26325320,2016,血战钢锯岭,梅尔·吉布森,"['安德鲁·加菲尔德', '萨姆·沃辛顿', '文斯·沃恩', '雨果·维文']","['剧情', '传记', '历史', '战争']",澳大利亚 / 美国,139(中国大陆),8.7,775034
158,1828115,2007,色，戒,李安,"['梁朝伟', '汤唯', '陈冲', '王力宏']","['剧情', '爱情', '情色']",中国台湾 / 中国大陆 / 美国 / 中国香港,158,8.7,792857
159,1295399,1954,七武士,黑泽明,"['三船敏郎', '志村乔', '津岛惠子', '岛崎雪子']","['剧情', '动作', '冒险']",日本,207,9.3,195116
160,10533913,2015,头脑特工队,彼特·道格特,"['艾米·波勒', '菲利丝·史密斯', '理查德·坎德', '比尔·哈德尔']","['喜剧', '动画', '冒险']",美国,95,8.8,602184
161,1293181,1960,惊魂记,阿尔弗雷德·希区柯克,"['安东尼·博金斯', '维拉·迈尔斯', '约翰·加文', '珍妮特·利']","['悬疑', '惊悚', '恐怖']",美国,109,9.0,288040
162,1302467,2003,黑客帝国3：矩阵革命,拉娜·沃卓斯基,"['基努·里维斯', '劳伦斯·菲什伯恩', '凯瑞-安·莫斯', '雨果·维文']","['动作', '科幻']",美国,129 ,8.8,441703
163,26683290,2016,你的名字。,新海诚,"['神木隆之介', '上白石萌音', '长泽雅美', '市原悦子']","['剧情', '爱情', '动画']",日本,106,8.5,1389685
164,1417598,2004,电锯惊魂,温子仁,"['雷·沃纳尔', '加利·艾尔维斯', '丹尼·格洛弗', '梁振邦']","['悬疑', '惊悚', '恐怖']",美国,103,8.8,524713
165,26611804,2017,三块广告牌,马丁·麦克唐纳,"['弗兰西斯·麦克多蒙德', '伍迪·哈里森', '山姆·洛克威尔', '艾比·考尼什']","['剧情', '犯罪']",英国 / 美国,115,8.7,811395
166,1793929,2013,达拉斯买家俱乐部,让-马克·瓦雷,"['马修·麦康纳', '詹妮弗·加纳', '杰瑞德·莱托', '斯蒂夫·扎恩']","['剧情', '同性', '传记']",美国,117,8.8,447131
167,1907966,2013,疯狂原始人,柯克·德·米科,"['尼古拉斯·凯奇', '艾玛·斯通', '瑞安·雷诺兹', '凯瑟琳·基纳']","['喜剧', '动画', '冒险']",美国,98,8.7,828886
168,25917973,2014,心迷宫,忻钰坤,"['霍卫民', '王笑天', '罗芸', '杨瑜珍']","['剧情', '悬疑', '犯罪']",中国大陆,110(中国大陆),8.7,513223
169,1578507,2007,谍影重重3,保罗·格林格拉斯,"['马特·达蒙', '朱丽娅·斯蒂尔斯', '大卫·斯特雷泽恩', '斯科特·格伦']","['动作', '悬疑', '惊悚']",美国 / 德国 / 法国 / 英国,115,8.8,412869
170,1292208,2002,上帝之城,费尔南多·梅里尔斯,"['亚历桑德雷·罗德里格斯', '莱安德鲁·菲尔米诺', '菲利佩·哈根森', '道格拉斯·席尔瓦']","['剧情', '犯罪']",巴西 / 法国,130,9.0,298516
171,1297574,1986,英雄本色,吴宇森,"['周润发', '狄龙', '张国荣', '朱宝意']","['剧情', '动作', '犯罪']",中国香港,95,8.6,532698
172,1291822,2004,卢旺达饭店,特瑞·乔治,"['唐·钱德尔', '苏菲·奥康内多', '华金·菲尼克斯', '尼克·诺特']","['剧情', '传记', '历史', '战争']",英国 / 南非 / 意大利 / 美国,121,8.9,325739
173,1295409,1991,纵横四海,吴宇森,"['周润发', '张国荣', '钟楚红', '朱江']","['剧情', '喜剧', '动作', '犯罪']",中国香港,108,8.8,419728
174,1291585,1984,风之谷,宫崎骏,"['岛本须美', '松田洋治', '榊原良子', '辻村真人']","['动画', '奇幻', '冒险']",日本,117,8.9,350457
175,25895901,2015,海街日记,是枝裕和,"['绫濑遥', '长泽雅美', '夏帆', '广濑铃']","['剧情', '家庭']",日本,127,8.8,441816
176,10808442,2013,爱在午夜降临前,理查德·林克莱特,"['伊桑·霍克', '朱莉·德尔佩', '肖姆斯·戴维-菲茨帕特里克', '詹妮弗·普里尔']","['剧情', '爱情']",美国 / 希腊,109,8.9,395701
177,1300374,1999,绿里奇迹,弗兰克·德拉邦特,"['汤姆·汉克斯', '大卫·摩斯', '迈克·克拉克·邓肯', '邦尼·亨特']","['剧情', '悬疑', '犯罪', '奇幻']",美国,189 ,8.9,324506
178,1304447,2000,记忆碎片,克里斯托弗·诺兰,"['盖·皮尔斯', '凯瑞-安·莫斯', '乔·潘托里亚诺', '小马克·布恩']","['剧情', '悬疑', '惊悚', '犯罪']",美国,113,8.7,593456
179,3792799,2010,岁月神偷,罗启锐,"['吴君如', '任达华', '钟绍图', '李治廷']","['剧情', '家庭']",中国香港 / 中国大陆,117,8.7,569634
180,1959195,1987,忠犬八公物语,神山征二郎,"['仲代达矢', '八千草薰', '柳叶敏郎', '尾美利德']",['剧情'],日本,107 ,9.2,193365
181,1862151,2006,疯狂的石头,宁浩,"['郭涛', '刘桦', '连晋', '黄渤']","['喜剧', '犯罪']",中国大陆 / 中国香港,106(香港),8.6,809879
182,24750126,2014,荒蛮故事,达米安·斯兹弗隆,"['达里奥·格兰迪内蒂', '玛丽娅·玛努尔', '莫妮卡·比利亚', '丽塔·科尔泰塞']","['剧情', '喜剧', '犯罪']",阿根廷 / 西班牙,122,8.8,438128
183,1293460,1952,雨中曲,斯坦利·多南,"['吉恩·凯利', '唐纳德·奥康纳', '黛比·雷诺斯', '简·哈根']","['喜剧', '爱情', '歌舞']",美国,103,9.1,221425
184,27622447,2018,小偷家族,是枝裕和,"['中川雅也', '安藤樱', '松冈茉优', '城桧吏']","['剧情', '家庭', '犯罪']",日本,117(中国大陆),8.7,804200
185,1292226,1968,2001太空漫游,斯坦利·库布里克,"['凯尔·杜拉', '加里·洛克伍德', '威廉姆·西尔维斯特', '丹尼尔·里希特']","['科幻', '惊悚', '冒险']",英国 / 美国,149,8.9,321895
186,25773932,2014,爆裂鼓手,达米恩·查泽雷,"['迈尔斯·特勒', 'J·K·西蒙斯', '保罗·雷瑟', '梅莉莎·班诺伊']","['剧情', '音乐']",美国,107,8.7,580403
187,27119724,2019,小丑,托德·菲利普斯,"['华金·菲尼克斯', '罗伯特·德尼罗', '马克·马龙', '莎姬·贝兹']","['剧情', '惊悚', '犯罪']",美国 / 加拿大,122,8.7,992096
188,1307856,1994,背靠背，脸对脸,黄建新,"['牛振华', '雷恪生', '李强', '句号']",['剧情'],中国大陆 / 中国香港,148,9.5,129182
189,6534248,2012,无敌破坏王,瑞奇·摩尔,"['约翰·C·赖利', '萨拉·西尔弗曼', '杰克·麦克布瑞尔', '简·林奇']","['喜剧', '动画', '奇幻', '冒险']",美国,101,8.7,529854
190,1307106,2003,无间道2,刘伟强,"['陈冠希', '余文乐', '曾志伟', '黄秋生']","['剧情', '惊悚', '犯罪']",中国香港,119,8.7,470153
191,2209573,2008,贫民窟的百万富翁,丹尼·博伊尔,"['戴夫·帕特尔', '沙鲁巴·舒克拉', '亚尼·卡普', '拉詹德拉纳斯·祖特施']","['剧情', '爱情']",英国,120,8.6,737607
192,1291578,2002,冰川时代,卡洛斯·沙尔丹哈,"['雷·罗马诺', '约翰·雷吉扎莫', '丹尼斯·利瑞', '杰克·布莱克']","['喜剧', '动画', '冒险']",美国,81,8.6,605034
193,1292328,1994,东邪西毒,王家卫,"['张国荣', '林青霞', '梁朝伟', '张学友']","['剧情', '动作', '爱情', '武侠', '古装']",中国香港 / 中国台湾,95,8.6,570590
194,24733428,2020,心灵奇旅,彼特·道格特,"['杰米·福克斯', '蒂娜·菲', '菲利西亚·拉斯海德', '阿米尔-卡利布·汤普森']","['动画', '音乐', '奇幻']",美国,101,8.7,963681
195,3011051,2009,恐怖游轮,克里斯托弗·史密斯,"['梅利莎·乔治', '利亚姆·海姆斯沃斯', '迈克尔·多曼', '瑞秋·卡帕尼']","['剧情', '悬疑', '惊悚']",英国 / 澳大利亚,99 ,8.5,848802
196,1292329,1991,牯岭街少年杀人事件,杨德昌,"['张震', '杨静怡', '张国柱', '王启赞']","['剧情', '犯罪']",中国台湾,237(导演剪辑版),8.9,294431
197,1867345,2007,遗愿清单,罗伯·莱纳,"['杰克·尼科尔森', '摩根·弗里曼', '西恩·海耶斯', '贝弗利·陶德']","['剧情', '喜剧', '冒险']",美国,97 ,8.7,453350
198,1307811,1989,魔女宅急便,宫崎骏,"['高山南', '佐久间玲', '户田惠子', '山口胜平']","['动画', '奇幻', '冒险']",日本,103,8.7,453068
199,1292401,2003,真爱至上,理查德·柯蒂斯,"['休·格兰特', '科林·费尔斯', '艾玛·汤普森', '凯拉·奈特莉']","['剧情', '喜剧', '爱情']",英国 / 美国 / 法国,135,8.6,725166
200,4848115,2010,你看起来好像很好吃,藤森雅也,"['山口胜平', '爱河里花子', '加藤清史郎', '原田知世']","['剧情', '动画', '儿童']",日本,90,8.9,329076
201,1310177,2003,东京教父,今敏,"['江守彻', '梅垣义明', '冈本绫', '饭塚昭三']","['剧情', '喜剧', '动画']",日本,92,9.0,225085
202,27059130,2017,大佛普拉斯,黄信尧,"['庄益增', '陈竹升', '戴立忍', '张少怀']","['剧情', '喜剧']",中国台湾,102,8.7,447486
203,1978709,2010,黑天鹅,达伦·阿伦诺夫斯基,"['娜塔莉·波特曼', '米拉·库尼斯', '文森特·卡索', '芭芭拉·赫希']","['剧情', '惊悚']",美国,108,8.6,772266
204,1308857,2004,可可西里,陆川,"['多布杰', '张垒', '奇道', '赵雪莹']","['剧情', '犯罪']",中国大陆 / 中国香港,85(中国大陆),8.9,299476
205,1293908,1931,城市之光,查理·卓别林,"['查理·卓别林', '弗吉尼亚·切瑞尔', '佛罗伦斯·李', '亨利·伯格曼']","['剧情', '喜剧', '爱情']",美国,87 ,9.3,143829
206,3075287,2011,源代码,邓肯·琼斯,"['杰克·吉伦哈尔', '维拉·法米加', '米歇尔·莫纳汉', '杰弗里·怀特']","['科幻', '悬疑', '惊悚']",美国 / 加拿大,93,8.5,824839
207,1291870,1988,雨人,巴瑞·莱文森,"['达斯汀·霍夫曼', '汤姆·克鲁斯', '瓦莱丽亚·戈利诺', '邦尼·亨特']",['剧情'],美国,133,8.7,399156
208,1309163,2004,恋恋笔记本,尼克·卡萨维蒂,"['瑞恩·高斯林', '瑞秋·麦克亚当斯', '吉娜·罗兰兹', '詹姆斯·加纳']","['剧情', '爱情']",美国,123,8.5,661664
209,25980443,2016,海边的曼彻斯特,肯尼思·洛纳根,"['卡西·阿弗莱克', '卢卡斯·赫奇斯', '米歇尔·威廉姆斯', 'C·J·威尔逊']","['剧情', '家庭']",美国,137,8.6,527654
210,4739952,2010,初恋这件小事,普特鹏·普罗萨卡·那·萨克那卡林,"['平采娜·乐维瑟派布恩', '马里奥·毛瑞尔', '苏达拉·布查蓬', '雅尼卡·桑普蕾舞']","['剧情', '喜剧', '爱情']",泰国,118(泰国),8.5,971950
211,1302827,2001,人工智能,史蒂文·斯皮尔伯格,"['海利·乔·奥斯蒙', '弗兰西丝·奥康纳', '山姆·洛巴兹', '杰克·托马斯']","['剧情', '科幻']",美国 / 英国,146,8.7,439532
212,5300054,2018,波西米亚狂想曲,布莱恩·辛格,"['拉米·马雷克', '本·哈迪', '约瑟夫·梅泽罗', '格威利姆·李']","['剧情', '同性', '音乐', '传记']",英国 / 美国,135,8.6,595261
213,1296909,1966,虎口脱险,热拉尔·乌里,"['路易·德·菲奈斯', '布尔维尔', '克劳迪奥·布鲁克', '安德丽·帕里西']","['喜剧', '战争']",法国 / 英国,132,8.9,253238
214,1303394,1993,青蛇,徐克,"['张曼玉', '王祖贤', '赵文卓', '吴兴国']","['剧情', '爱情', '奇幻', '古装']",中国香港 / 中国大陆,99,8.6,519125
215,1291844,1991,终结者2：审判日,詹姆斯·卡梅隆,"['阿诺·施瓦辛格', '琳达·汉密尔顿', '爱德华·福隆', '罗伯特·帕特里克']","['动作', '科幻']",美国 / 法国,137,8.8,337594
216,1291879,1950,罗生门,黑泽明,"['三船敏郎', '京町子', '森雅之', '志村乔']","['剧情', '悬疑', '犯罪']",日本,88,8.8,310027
217,3592854,2015,疯狂的麦克斯4：狂暴之路,乔治·米勒,"['汤姆·哈迪', '查理兹·塞隆', '尼古拉斯·霍尔特', '休·基斯-拜恩']","['动作', '科幻', '冒险']",澳大利亚 / 美国,120,8.7,522031
218,1293318,1988,萤火虫之墓,高畑勋,"['辰己努', '白石绫乃', '志乃原良子', '山口朱美']","['剧情', '动画', '战争']",日本,89 ,8.7,401182
219,1292287,1992,新龙门客栈,李惠民,"['张曼玉', '林青霞', '梁家辉', '甄子丹']","['动作', '爱情', '武侠', '古装']",中国香港 / 中国大陆,88,8.7,437961
220,1300117,1997,千钧一发,安德鲁·尼科尔,"['伊桑·霍克', '乌玛·瑟曼', '裘德·洛', '艾伦·阿金']","['剧情', '科幻', '惊悚']",美国,106,8.8,293055
221,1438652,2009,无耻混蛋,昆汀·塔伦蒂诺,"['布拉德·皮特', '梅拉尼·罗兰', '克里斯托弗·瓦尔兹', '伊莱·罗斯']","['剧情', '犯罪']",德国 / 美国,153,8.6,470050
222,1959877,2008,崖上的波妞,宫崎骏,"['神月柚莉爱', '土井洋辉', '山口智子', '长岛一茂']","['动画', '奇幻', '冒险']",日本,101,8.6,487927
223,1291992,1991,末路狂花,雷德利·斯科特,"['吉娜·戴维斯', '苏珊·萨兰登', '哈威·凯特尔', '迈克尔·马德森']","['剧情', '惊悚', '犯罪']",美国 / 英国 / 法国,130 ,8.9,248242
224,26787574,2017,奇迹男孩,斯蒂芬·卓博斯基,"['雅各布·特伦布莱', '朱莉娅·罗伯茨', '伊扎贝拉·维多维奇', '欧文·威尔逊']","['剧情', '家庭', '儿童']",美国 / 中国香港,113,8.6,545883
225,25807345,2013,彗星来的那一夜,詹姆斯·沃德·布柯特,"['艾米丽·芭尔多尼', '莫瑞·史特林', '尼古拉斯·布兰登', '劳伦·斯卡法莉娅']","['科幻', '悬疑', '惊悚']",美国 / 英国,89,8.6,569436
226,26430107,2015,二十二,郭柯,[],['纪录片'],中国大陆,99(公映版),8.7,288811
227,1304141,2003,黑客帝国2：重装上阵,拉娜·沃卓斯基,"['基努·里维斯', '劳伦斯·菲什伯恩', '凯瑞-安·莫斯', '雨果·维文']","['动作', '科幻']",美国,138,8.7,401157
228,34874432,2021,花束般的恋爱,土井裕泰,"['菅田将晖', '有村架纯', '细田佳央太', '清原果耶']","['剧情', '爱情']",日本,124,8.6,603207
229,25934014,2016,爱乐之城,达米恩·查泽雷,"['瑞恩·高斯林', '艾玛·斯通', '约翰·传奇', '罗丝玛丽·德薇特']","['剧情', '爱情', '歌舞']",美国,128,8.4,881122
230,1428175,2006,血钻,爱德华·兹威克,"['莱昂纳多·迪卡普里奥', '杰曼·翰苏', '詹妮弗·康纳利', '阿诺德·沃斯洛']","['剧情', '惊悚', '冒险']",美国 / 德国 / 英国,143 ,8.7,375061
231,25724855,2015,房间,伦尼·阿伯拉罕森,"['布丽·拉尔森', '雅各布·特伦布莱', '肖恩·布里吉格斯', '温迪·古逊']","['剧情', '家庭']",爱尔兰 / 加拿大 / 英国 / 美国,118,8.8,364724
232,1419936,2005,战争之王,安德鲁·尼科尔,"['尼古拉斯·凯奇', '布里吉特·莫伊纳汉', '杰瑞德·莱托', '伊安·霍姆']","['剧情', '犯罪']",法国 / 德国 / 美国,122 ,8.7,363546
233,2222996,2008,步履不停,是枝裕和,"['阿部宽', '夏川结衣', '江原由希子', '高桥和也']","['剧情', '家庭']",日本,115,8.8,275645
234,1293964,1940,魂断蓝桥,茂文·勒鲁瓦,"['费雯·丽', '罗伯特·泰勒', '露塞尔·沃特森', '弗吉尼亚·菲尔德']","['剧情', '爱情', '战争']",美国,108,8.8,274898
235,1297880,1987,芙蓉镇,谢晋,"['刘晓庆', '姜文', '郑在石', '张光北']","['剧情', '爱情']",中国大陆,164 ,9.3,132421
236,25864085,2015,火星救援,雷德利·斯科特,"['马特·达蒙', '杰西卡·查斯坦', '克里斯汀·韦格', '杰夫·丹尼尔斯']","['剧情', '科幻', '冒险']",英国 / 美国 / 匈牙利 / 约旦,142,8.5,715993
237,2051007,2010,哈利·波特与死亡圣器(上),大卫·叶茨,"['丹尼尔·雷德克里夫', '艾玛·沃森', '鲁伯特·格林特', '海伦娜·伯翰·卡特']","['奇幻', '冒险']",英国 / 美国,146,8.5,562947
238,1307394,2001,千年女优,今敏,"['庄司美代子', '小山茉美', '折笠富美子', '饭塚昭三']","['剧情', '爱情', '动画']",日本,87 ,8.8,262105
239,1308767,2004,谍影重重2,保罗·格林格拉斯,"['马特·达蒙', '布莱恩·考克斯', '琼·艾伦', '卡尔·厄本']","['动作', '悬疑', '惊悚']",美国 / 德国,108,8.7,347435
240,1305690,1990,阿飞正传,王家卫,"['张国荣', '张曼玉', '刘嘉玲', '刘德华']","['剧情', '爱情', '犯罪']",中国香港,94,8.5,504650
241,3552028,2009,弱点,约翰·李·汉考克,"['桑德拉·布洛克', '蒂姆·麦格罗', '昆东·亚伦', '杰·海德']","['剧情', '家庭', '传记', '运动']",美国,129,8.7,302507
242,1295865,1994,燃情岁月,爱德华·兹威克,"['布拉德·皮特', '安东尼·霍普金斯', '艾丹·奎因', '朱莉娅·奥蒙德']","['剧情', '爱情', '战争', '西部']",美国,133,8.8,283016
243,1304102,2002,谍影重重,道格·里曼,"['马特·达蒙', '弗朗卡·波滕特', '克里斯·库珀', '克里夫·欧文']","['动作', '悬疑', '惊悚']",美国 / 德国 / 捷克,119,8.6,419810
244,2213597,2008,朗读者,史蒂芬·戴德利,"['凯特·温丝莱特', '大卫·克劳斯', '拉尔夫·费因斯', '詹妮特·海因']","['剧情', '爱情']",美国 / 德国,124 ,8.6,449471
245,6874403,2013,再次出发之纽约遇见你,约翰·卡尼,"['凯拉·奈特莉', '马克·鲁弗洛', '亚当·莱文', '詹姆斯·柯登']","['喜剧', '爱情', '音乐']",美国,104,8.6,421993
246,1457217,2007,哈利·波特与凤凰社,大卫·叶茨,"['丹尼尔·雷德克里夫', '艾玛·沃森', '鲁伯特·格林特', '加里·奥德曼']","['奇幻', '冒险']",英国 / 美国,138,8.5,555442
247,2133323,2013,白日梦想家,本·斯蒂勒,"['本·斯蒂勒', '克里斯汀·韦格', '亚当·斯科特', '西恩·潘']","['剧情', '喜剧', '冒险']",美国 / 英国,114,8.6,461515
248,1760622,2006,香水,汤姆·提克威,"['本·卫肖', '艾伦·瑞克曼', '蕾切儿·哈伍德', '达斯汀·霍夫曼']","['剧情', '犯罪', '奇幻']",德国 / 法国 / 西班牙 / 美国 / 比利时,147,8.5,538536
249,1937946,2006,穿越时空的少女,细田守,"['仲里依纱', '石田卓也', '板仓光隆', '垣内彩未']","['剧情', '爱情', '科幻', '动画']",日本,98,8.6,377572
250,3443389,2009,海洋,雅克·贝汉,"['皮尔斯·布鲁斯南', '小佩德罗·阿门达里斯', '雅克·贝汉', '宫泽理惠']",['纪录片'],法国 / 瑞士 / 西班牙 / 美国 / 阿联酋 / 摩纳哥,104(法国),9.1,155417
